[
    {
    "country": "Poland",
    "region": "",
    "cases": {
    "2020-01-22": {
    "total": 0,
    "new": 0
    },
    "2020-01-23": {
    "total": 0,
    "new": 0
    },
    "2020-01-24": {
    "total": 0,
    "new": 0
    },
    "2020-01-25": {
    "total": 0,
    "new": 0
    },
    "2020-01-26": {
    "total": 0,
    "new": 0
    },
    "2020-01-27": {
    "total": 0,
    "new": 0
    },
    "2020-01-28": {
    "total": 0,
    "new": 0
    },
    "2020-01-29": {
    "total": 0,
    "new": 0
    },
    "2020-01-30": {
    "total": 0,
    "new": 0
    },
    "2020-01-31": {
    "total": 0,
    "new": 0
    },
    "2020-02-01": {
    "total": 0,
    "new": 0
    },
    "2020-02-02": {
    "total": 0,
    "new": 0
    },
    "2020-02-03": {
    "total": 0,
    "new": 0
    },
    "2020-02-04": {
    "total": 0,
    "new": 0
    },
    "2020-02-05": {
    "total": 0,
    "new": 0
    },
    "2020-02-06": {
    "total": 0,
    "new": 0
    },
    "2020-02-07": {
    "total": 0,
    "new": 0
    },
    "2020-02-08": {
    "total": 0,
    "new": 0
    },
    "2020-02-09": {
    "total": 0,
    "new": 0
    },
    "2020-02-10": {
    "total": 0,
    "new": 0
    },
    "2020-02-11": {
    "total": 0,
    "new": 0
    },
    "2020-02-12": {
    "total": 0,
    "new": 0
    },
    "2020-02-13": {
    "total": 0,
    "new": 0
    },
    "2020-02-14": {
    "total": 0,
    "new": 0
    },
    "2020-02-15": {
    "total": 0,
    "new": 0
    },
    "2020-02-16": {
    "total": 0,
    "new": 0
    },
    "2020-02-17": {
    "total": 0,
    "new": 0
    },
    "2020-02-18": {
    "total": 0,
    "new": 0
    },
    "2020-02-19": {
    "total": 0,
    "new": 0
    },
    "2020-02-20": {
    "total": 0,
    "new": 0
    },
    "2020-02-21": {
    "total": 0,
    "new": 0
    },
    "2020-02-22": {
    "total": 0,
    "new": 0
    },
    "2020-02-23": {
    "total": 0,
    "new": 0
    },
    "2020-02-24": {
    "total": 0,
    "new": 0
    },
    "2020-02-25": {
    "total": 0,
    "new": 0
    },
    "2020-02-26": {
    "total": 0,
    "new": 0
    },
    "2020-02-27": {
    "total": 0,
    "new": 0
    },
    "2020-02-28": {
    "total": 0,
    "new": 0
    },
    "2020-02-29": {
    "total": 0,
    "new": 0
    },
    "2020-03-01": {
    "total": 0,
    "new": 0
    },
    "2020-03-02": {
    "total": 0,
    "new": 0
    },
    "2020-03-03": {
    "total": 0,
    "new": 0
    },
    "2020-03-04": {
    "total": 1,
    "new": 1
    },
    "2020-03-05": {
    "total": 1,
    "new": 0
    },
    "2020-03-06": {
    "total": 5,
    "new": 4
    },
    "2020-03-07": {
    "total": 5,
    "new": 0
    },
    "2020-03-08": {
    "total": 11,
    "new": 6
    },
    "2020-03-09": {
    "total": 16,
    "new": 5
    },
    "2020-03-10": {
    "total": 22,
    "new": 6
    },
    "2020-03-11": {
    "total": 31,
    "new": 9
    },
    "2020-03-12": {
    "total": 49,
    "new": 18
    },
    "2020-03-13": {
    "total": 68,
    "new": 19
    },
    "2020-03-14": {
    "total": 103,
    "new": 35
    },
    "2020-03-15": {
    "total": 119,
    "new": 16
    },
    "2020-03-16": {
    "total": 177,
    "new": 58
    },
    "2020-03-17": {
    "total": 238,
    "new": 61
    },
    "2020-03-18": {
    "total": 251,
    "new": 13
    },
    "2020-03-19": {
    "total": 355,
    "new": 104
    },
    "2020-03-20": {
    "total": 425,
    "new": 70
    },
    "2020-03-21": {
    "total": 536,
    "new": 111
    },
    "2020-03-22": {
    "total": 634,
    "new": 98
    },
    "2020-03-23": {
    "total": 749,
    "new": 115
    },
    "2020-03-24": {
    "total": 901,
    "new": 152
    },
    "2020-03-25": {
    "total": 1051,
    "new": 150
    },
    "2020-03-26": {
    "total": 1221,
    "new": 170
    },
    "2020-03-27": {
    "total": 1389,
    "new": 168
    },
    "2020-03-28": {
    "total": 1638,
    "new": 249
    },
    "2020-03-29": {
    "total": 1862,
    "new": 224
    },
    "2020-03-30": {
    "total": 2055,
    "new": 193
    },
    "2020-03-31": {
    "total": 2311,
    "new": 256
    },
    "2020-04-01": {
    "total": 2554,
    "new": 243
    },
    "2020-04-02": {
    "total": 2946,
    "new": 392
    },
    "2020-04-03": {
    "total": 3383,
    "new": 437
    },
    "2020-04-04": {
    "total": 3627,
    "new": 244
    },
    "2020-04-05": {
    "total": 4102,
    "new": 475
    },
    "2020-04-06": {
    "total": 4413,
    "new": 311
    },
    "2020-04-07": {
    "total": 4848,
    "new": 435
    },
    "2020-04-08": {
    "total": 5205,
    "new": 357
    },
    "2020-04-09": {
    "total": 5575,
    "new": 370
    },
    "2020-04-10": {
    "total": 5955,
    "new": 380
    },
    "2020-04-11": {
    "total": 6356,
    "new": 401
    },
    "2020-04-12": {
    "total": 6674,
    "new": 318
    },
    "2020-04-13": {
    "total": 6934,
    "new": 260
    },
    "2020-04-14": {
    "total": 7202,
    "new": 268
    },
    "2020-04-15": {
    "total": 7582,
    "new": 380
    },
    "2020-04-16": {
    "total": 7918,
    "new": 336
    },
    "2020-04-17": {
    "total": 8379,
    "new": 461
    },
    "2020-04-18": {
    "total": 8742,
    "new": 363
    },
    "2020-04-19": {
    "total": 9287,
    "new": 545
    },
    "2020-04-20": {
    "total": 9593,
    "new": 306
    },
    "2020-04-21": {
    "total": 9856,
    "new": 263
    },
    "2020-04-22": {
    "total": 10169,
    "new": 313
    },
    "2020-04-23": {
    "total": 10511,
    "new": 342
    },
    "2020-04-24": {
    "total": 10892,
    "new": 381
    },
    "2020-04-25": {
    "total": 11273,
    "new": 381
    },
    "2020-04-26": {
    "total": 11617,
    "new": 344
    },
    "2020-04-27": {
    "total": 11902,
    "new": 285
    },
    "2020-04-28": {
    "total": 12218,
    "new": 316
    },
    "2020-04-29": {
    "total": 12640,
    "new": 422
    },
    "2020-04-30": {
    "total": 12877,
    "new": 237
    },
    "2020-05-01": {
    "total": 13105,
    "new": 228
    },
    "2020-05-02": {
    "total": 13375,
    "new": 270
    },
    "2020-05-03": {
    "total": 13693,
    "new": 318
    },
    "2020-05-04": {
    "total": 14006,
    "new": 313
    },
    "2020-05-05": {
    "total": 14431,
    "new": 425
    },
    "2020-05-06": {
    "total": 14740,
    "new": 309
    },
    "2020-05-07": {
    "total": 15047,
    "new": 307
    },
    "2020-05-08": {
    "total": 15366,
    "new": 319
    },
    "2020-05-09": {
    "total": 15651,
    "new": 285
    },
    "2020-05-10": {
    "total": 15996,
    "new": 345
    },
    "2020-05-11": {
    "total": 16326,
    "new": 330
    },
    "2020-05-12": {
    "total": 16921,
    "new": 595
    },
    "2020-05-13": {
    "total": 17204,
    "new": 283
    },
    "2020-05-14": {
    "total": 17615,
    "new": 411
    },
    "2020-05-15": {
    "total": 18016,
    "new": 401
    },
    "2020-05-16": {
    "total": 18257,
    "new": 241
    },
    "2020-05-17": {
    "total": 18529,
    "new": 272
    },
    "2020-05-18": {
    "total": 18885,
    "new": 356
    },
    "2020-05-19": {
    "total": 19268,
    "new": 383
    },
    "2020-05-20": {
    "total": 19739,
    "new": 471
    },
    "2020-05-21": {
    "total": 20143,
    "new": 404
    },
    "2020-05-22": {
    "total": 20619,
    "new": 476
    },
    "2020-05-23": {
    "total": 20931,
    "new": 312
    },
    "2020-05-24": {
    "total": 21326,
    "new": 395
    },
    "2020-05-25": {
    "total": 21631,
    "new": 305
    },
    "2020-05-26": {
    "total": 22074,
    "new": 443
    },
    "2020-05-27": {
    "total": 22473,
    "new": 399
    },
    "2020-05-28": {
    "total": 22825,
    "new": 352
    },
    "2020-05-29": {
    "total": 23155,
    "new": 330
    },
    "2020-05-30": {
    "total": 23571,
    "new": 416
    },
    "2020-05-31": {
    "total": 23786,
    "new": 215
    },
    "2020-06-01": {
    "total": 24165,
    "new": 379
    },
    "2020-06-02": {
    "total": 24395,
    "new": 230
    },
    "2020-06-03": {
    "total": 24687,
    "new": 292
    },
    "2020-06-04": {
    "total": 25048,
    "new": 361
    },
    "2020-06-05": {
    "total": 25410,
    "new": 362
    },
    "2020-06-06": {
    "total": 25986,
    "new": 576
    },
    "2020-06-07": {
    "total": 26561,
    "new": 575
    },
    "2020-06-08": {
    "total": 27160,
    "new": 599
    },
    "2020-06-09": {
    "total": 27560,
    "new": 400
    },
    "2020-06-10": {
    "total": 27842,
    "new": 282
    },
    "2020-06-11": {
    "total": 28201,
    "new": 359
    },
    "2020-06-12": {
    "total": 28577,
    "new": 376
    },
    "2020-06-13": {
    "total": 29017,
    "new": 440
    },
    "2020-06-14": {
    "total": 29392,
    "new": 375
    },
    "2020-06-15": {
    "total": 29788,
    "new": 396
    },
    "2020-06-16": {
    "total": 30195,
    "new": 407
    },
    "2020-06-17": {
    "total": 30701,
    "new": 506
    },
    "2020-06-18": {
    "total": 31015,
    "new": 314
    },
    "2020-06-19": {
    "total": 31316,
    "new": 301
    },
    "2020-06-20": {
    "total": 31620,
    "new": 304
    },
    "2020-06-21": {
    "total": 31931,
    "new": 311
    },
    "2020-06-22": {
    "total": 32227,
    "new": 296
    },
    "2020-06-23": {
    "total": 32527,
    "new": 300
    },
    "2020-06-24": {
    "total": 32821,
    "new": 294
    },
    "2020-06-25": {
    "total": 33119,
    "new": 298
    },
    "2020-06-26": {
    "total": 33395,
    "new": 276
    },
    "2020-06-27": {
    "total": 33714,
    "new": 319
    },
    "2020-06-28": {
    "total": 33907,
    "new": 193
    },
    "2020-06-29": {
    "total": 34154,
    "new": 247
    },
    "2020-06-30": {
    "total": 34393,
    "new": 239
    },
    "2020-07-01": {
    "total": 34775,
    "new": 382
    },
    "2020-07-02": {
    "total": 35146,
    "new": 371
    },
    "2020-07-03": {
    "total": 35405,
    "new": 259
    },
    "2020-07-04": {
    "total": 35719,
    "new": 314
    },
    "2020-07-05": {
    "total": 35950,
    "new": 231
    },
    "2020-07-06": {
    "total": 36155,
    "new": 205
    },
    "2020-07-07": {
    "total": 36412,
    "new": 257
    },
    "2020-07-08": {
    "total": 36689,
    "new": 277
    },
    "2020-07-09": {
    "total": 36951,
    "new": 262
    },
    "2020-07-10": {
    "total": 37216,
    "new": 265
    },
    "2020-07-11": {
    "total": 37521,
    "new": 305
    },
    "2020-07-12": {
    "total": 37891,
    "new": 370
    },
    "2020-07-13": {
    "total": 38190,
    "new": 299
    },
    "2020-07-14": {
    "total": 38457,
    "new": 267
    },
    "2020-07-15": {
    "total": 38721,
    "new": 264
    },
    "2020-07-16": {
    "total": 39054,
    "new": 333
    },
    "2020-07-17": {
    "total": 39407,
    "new": 353
    },
    "2020-07-18": {
    "total": 39746,
    "new": 339
    },
    "2020-07-19": {
    "total": 40104,
    "new": 358
    },
    "2020-07-20": {
    "total": 40383,
    "new": 279
    },
    "2020-07-21": {
    "total": 40782,
    "new": 399
    },
    "2020-07-22": {
    "total": 41162,
    "new": 380
    },
    "2020-07-23": {
    "total": 41580,
    "new": 418
    },
    "2020-07-24": {
    "total": 42038,
    "new": 458
    },
    "2020-07-25": {
    "total": 42622,
    "new": 584
    },
    "2020-07-26": {
    "total": 43065,
    "new": 443
    },
    "2020-07-27": {
    "total": 43402,
    "new": 337
    },
    "2020-07-28": {
    "total": 43904,
    "new": 502
    },
    "2020-07-29": {
    "total": 44416,
    "new": 512
    },
    "2020-07-30": {
    "total": 45031,
    "new": 615
    },
    "2020-07-31": {
    "total": 45688,
    "new": 657
    },
    "2020-08-01": {
    "total": 46346,
    "new": 658
    },
    "2020-08-02": {
    "total": 46894,
    "new": 548
    },
    "2020-08-03": {
    "total": 47469,
    "new": 575
    },
    "2020-08-04": {
    "total": 48149,
    "new": 680
    },
    "2020-08-05": {
    "total": 48789,
    "new": 640
    },
    "2020-08-06": {
    "total": 49515,
    "new": 726
    },
    "2020-08-07": {
    "total": 50324,
    "new": 809
    },
    "2020-08-08": {
    "total": 51167,
    "new": 843
    },
    "2020-08-09": {
    "total": 51791,
    "new": 624
    },
    "2020-08-10": {
    "total": 52410,
    "new": 619
    },
    "2020-08-11": {
    "total": 52961,
    "new": 551
    },
    "2020-08-12": {
    "total": 53676,
    "new": 715
    },
    "2020-08-13": {
    "total": 54487,
    "new": 811
    },
    "2020-08-14": {
    "total": 55319,
    "new": 832
    },
    "2020-08-15": {
    "total": 56090,
    "new": 771
    },
    "2020-08-16": {
    "total": 56684,
    "new": 594
    },
    "2020-08-17": {
    "total": 57279,
    "new": 595
    },
    "2020-08-18": {
    "total": 57876,
    "new": 597
    },
    "2020-08-19": {
    "total": 58611,
    "new": 735
    },
    "2020-08-20": {
    "total": 59378,
    "new": 767
    },
    "2020-08-21": {
    "total": 60281,
    "new": 903
    },
    "2020-08-22": {
    "total": 61181,
    "new": 900
    },
    "2020-08-23": {
    "total": 61762,
    "new": 581
    },
    "2020-08-24": {
    "total": 62310,
    "new": 548
    },
    "2020-08-25": {
    "total": 63073,
    "new": 763
    },
    "2020-08-26": {
    "total": 63802,
    "new": 729
    },
    "2020-08-27": {
    "total": 64689,
    "new": 887
    },
    "2020-08-28": {
    "total": 65480,
    "new": 791
    },
    "2020-08-29": {
    "total": 66239,
    "new": 759
    },
    "2020-08-30": {
    "total": 66870,
    "new": 631
    },
    "2020-08-31": {
    "total": 67372,
    "new": 502
    },
    "2020-09-01": {
    "total": 67922,
    "new": 550
    },
    "2020-09-02": {
    "total": 68517,
    "new": 595
    },
    "2020-09-03": {
    "total": 69129,
    "new": 612
    },
    "2020-09-04": {
    "total": 69820,
    "new": 691
    },
    "2020-09-05": {
    "total": 70387,
    "new": 567
    },
    "2020-09-06": {
    "total": 70824,
    "new": 437
    },
    "2020-09-07": {
    "total": 71126,
    "new": 302
    },
    "2020-09-08": {
    "total": 71526,
    "new": 400
    },
    "2020-09-09": {
    "total": 71947,
    "new": 421
    },
    "2020-09-10": {
    "total": 72453,
    "new": 506
    },
    "2020-09-11": {
    "total": 73047,
    "new": 594
    },
    "2020-09-12": {
    "total": 73650,
    "new": 603
    },
    "2020-09-13": {
    "total": 74152,
    "new": 502
    },
    "2020-09-14": {
    "total": 74529,
    "new": 377
    },
    "2020-09-15": {
    "total": 75134,
    "new": 605
    },
    "2020-09-16": {
    "total": 75734,
    "new": 600
    },
    "2020-09-17": {
    "total": 76571,
    "new": 837
    },
    "2020-09-18": {
    "total": 77328,
    "new": 757
    },
    "2020-09-19": {
    "total": 78330,
    "new": 1002
    },
    "2020-09-20": {
    "total": 79240,
    "new": 910
    },
    "2020-09-21": {
    "total": 79988,
    "new": 748
    },
    "2020-09-22": {
    "total": 80699,
    "new": 711
    },
    "2020-09-23": {
    "total": 81673,
    "new": 974
    },
    "2020-09-24": {
    "total": 82809,
    "new": 1136
    },
    "2020-09-25": {
    "total": 84396,
    "new": 1587
    },
    "2020-09-26": {
    "total": 85980,
    "new": 1584
    },
    "2020-09-27": {
    "total": 87330,
    "new": 1350
    },
    "2020-09-28": {
    "total": 88636,
    "new": 1306
    },
    "2020-09-29": {
    "total": 89962,
    "new": 1326
    },
    "2020-09-30": {
    "total": 91514,
    "new": 1552
    },
    "2020-10-01": {
    "total": 93481,
    "new": 1967
    },
    "2020-10-02": {
    "total": 95773,
    "new": 2292
    },
    "2020-10-03": {
    "total": 98140,
    "new": 2367
    },
    "2020-10-04": {
    "total": 100074,
    "new": 1934
    },
    "2020-10-05": {
    "total": 102080,
    "new": 2006
    },
    "2020-10-06": {
    "total": 104316,
    "new": 2236
    },
    "2020-10-07": {
    "total": 107319,
    "new": 3003
    },
    "2020-10-08": {
    "total": 111599,
    "new": 4280
    },
    "2020-10-09": {
    "total": 116338,
    "new": 4739
    },
    "2020-10-10": {
    "total": 121638,
    "new": 5300
    },
    "2020-10-11": {
    "total": 125816,
    "new": 4178
    },
    "2020-10-12": {
    "total": 130210,
    "new": 4394
    },
    "2020-10-13": {
    "total": 135278,
    "new": 5068
    },
    "2020-10-14": {
    "total": 141804,
    "new": 6526
    },
    "2020-10-15": {
    "total": 149903,
    "new": 8099
    },
    "2020-10-16": {
    "total": 157608,
    "new": 7705
    },
    "2020-10-17": {
    "total": 167230,
    "new": 9622
    },
    "2020-10-18": {
    "total": 175766,
    "new": 8536
    },
    "2020-10-19": {
    "total": 183248,
    "new": 7482
    },
    "2020-10-20": {
    "total": 192539,
    "new": 9291
    },
    "2020-10-21": {
    "total": 202579,
    "new": 10040
    },
    "2020-10-22": {
    "total": 214686,
    "new": 12107
    },
    "2020-10-23": {
    "total": 228318,
    "new": 13632
    },
    "2020-10-24": {
    "total": 241946,
    "new": 13628
    },
    "2020-10-25": {
    "total": 253688,
    "new": 11742
    },
    "2020-10-26": {
    "total": 263929,
    "new": 10241
    },
    "2020-10-27": {
    "total": 280229,
    "new": 16300
    },
    "2020-10-28": {
    "total": 299049,
    "new": 18820
    },
    "2020-10-29": {
    "total": 319205,
    "new": 20156
    },
    "2020-10-30": {
    "total": 340834,
    "new": 21629
    },
    "2020-10-31": {
    "total": 362731,
    "new": 21897
    },
    "2020-11-01": {
    "total": 379902,
    "new": 17171
    },
    "2020-11-02": {
    "total": 395480,
    "new": 15578
    },
    "2020-11-03": {
    "total": 414844,
    "new": 19364
    },
    "2020-11-04": {
    "total": 439536,
    "new": 24692
    },
    "2020-11-05": {
    "total": 466679,
    "new": 27143
    },
    "2020-11-06": {
    "total": 493765,
    "new": 27086
    },
    "2020-11-07": {
    "total": 521640,
    "new": 27875
    },
    "2020-11-08": {
    "total": 546425,
    "new": 24785
    },
    "2020-11-09": {
    "total": 568138,
    "new": 21713
    },
    "2020-11-10": {
    "total": 593592,
    "new": 25454
    },
    "2020-11-11": {
    "total": 618813,
    "new": 25221
    },
    "2020-11-12": {
    "total": 641496,
    "new": 22683
    },
    "2020-11-13": {
    "total": 665547,
    "new": 24051
    },
    "2020-11-14": {
    "total": 691118,
    "new": 25571
    },
    "2020-11-15": {
    "total": 712972,
    "new": 21854
    },
    "2020-11-16": {
    "total": 733788,
    "new": 20816
    },
    "2020-11-17": {
    "total": 752940,
    "new": 19152
    },
    "2020-11-18": {
    "total": 772823,
    "new": 19883
    },
    "2020-11-19": {
    "total": 796798,
    "new": 23975
    },
    "2020-11-20": {
    "total": 819262,
    "new": 22464
    },
    "2020-11-21": {
    "total": 843475,
    "new": 24213
    },
    "2020-11-22": {
    "total": 861331,
    "new": 17856
    },
    "2020-11-23": {
    "total": 876333,
    "new": 15002
    },
    "2020-11-24": {
    "total": 909066,
    "new": 32733
    },
    "2020-11-25": {
    "total": 924422,
    "new": 15356
    },
    "2020-11-26": {
    "total": 941112,
    "new": 16690
    },
    "2020-11-27": {
    "total": 958416,
    "new": 17304
    },
    "2020-11-28": {
    "total": 973593,
    "new": 15177
    },
    "2020-11-29": {
    "total": 985075,
    "new": 11482
    },
    "2020-11-30": {
    "total": 990811,
    "new": 5736
    },
    "2020-12-01": {
    "total": 999924,
    "new": 9113
    },
    "2020-12-02": {
    "total": 1013747,
    "new": 13823
    },
    "2020-12-03": {
    "total": 1028610,
    "new": 14863
    },
    "2020-12-04": {
    "total": 1041846,
    "new": 13236
    },
    "2020-12-05": {
    "total": 1054273,
    "new": 12427
    },
    "2020-12-06": {
    "total": 1063449,
    "new": 9176
    },
    "2020-12-07": {
    "total": 1067870,
    "new": 4421
    },
    "2020-12-08": {
    "total": 1076180,
    "new": 8310
    },
    "2020-12-09": {
    "total": 1088346,
    "new": 12166
    },
    "2020-12-10": {
    "total": 1102096,
    "new": 13750
    },
    "2020-12-11": {
    "total": 1115201,
    "new": 13105
    },
    "2020-12-12": {
    "total": 1126700,
    "new": 11499
    },
    "2020-12-13": {
    "total": 1135676,
    "new": 8976
    },
    "2020-12-14": {
    "total": 1140572,
    "new": 4896
    },
    "2020-12-15": {
    "total": 1147446,
    "new": 6874
    },
    "2020-12-16": {
    "total": 1159901,
    "new": 12455
    },
    "2020-12-17": {
    "total": 1171854,
    "new": 11953
    },
    "2020-12-18": {
    "total": 1182864,
    "new": 11010
    },
    "2020-12-19": {
    "total": 1194110,
    "new": 11246
    },
    "2020-12-20": {
    "total": 1202700,
    "new": 8590
    },
    "2020-12-21": {
    "total": 1207333,
    "new": 4633
    },
    "2020-12-22": {
    "total": 1214525,
    "new": 7192
    },
    "2020-12-23": {
    "total": 1226883,
    "new": 12358
    },
    "2020-12-24": {
    "total": 1239998,
    "new": 13115
    },
    "2020-12-25": {
    "total": 1249079,
    "new": 9081
    },
    "2020-12-26": {
    "total": 1253957,
    "new": 4878
    },
    "2020-12-27": {
    "total": 1257799,
    "new": 3842
    },
    "2020-12-28": {
    "total": 1261010,
    "new": 3211
    },
    "2020-12-29": {
    "total": 1268634,
    "new": 7624
    },
    "2020-12-30": {
    "total": 1281414,
    "new": 12780
    },
    "2020-12-31": {
    "total": 1294878,
    "new": 13464
    },
    "2021-01-01": {
    "total": 1305774,
    "new": 10896
    },
    "2021-01-02": {
    "total": 1312780,
    "new": 7006
    },
    "2021-01-03": {
    "total": 1318562,
    "new": 5782
    },
    "2021-01-04": {
    "total": 1322947,
    "new": 4385
    },
    "2021-01-05": {
    "total": 1330543,
    "new": 7596
    },
    "2021-01-06": {
    "total": 1344763,
    "new": 14220
    },
    "2021-01-07": {
    "total": 1356882,
    "new": 12119
    },
    "2021-01-08": {
    "total": 1365645,
    "new": 8763
    },
    "2021-01-09": {
    "total": 1376389,
    "new": 10744
    },
    "2021-01-10": {
    "total": 1385522,
    "new": 9133
    },
    "2021-01-11": {
    "total": 1390385,
    "new": 4863
    },
    "2021-01-12": {
    "total": 1395779,
    "new": 5394
    },
    "2021-01-13": {
    "total": 1404905,
    "new": 9126
    },
    "2021-01-14": {
    "total": 1414362,
    "new": 9457
    },
    "2021-01-15": {
    "total": 1422320,
    "new": 7958
    },
    "2021-01-16": {
    "total": 1429612,
    "new": 7292
    },
    "2021-01-17": {
    "total": 1435582,
    "new": 5970
    },
    "2021-01-18": {
    "total": 1438914,
    "new": 3332
    },
    "2021-01-19": {
    "total": 1443804,
    "new": 4890
    },
    "2021-01-20": {
    "total": 1450747,
    "new": 6943
    },
    "2021-01-21": {
    "total": 1457755,
    "new": 7008
    },
    "2021-01-22": {
    "total": 1464448,
    "new": 6693
    },
    "2021-01-23": {
    "total": 1470879,
    "new": 6431
    },
    "2021-01-24": {
    "total": 1475445,
    "new": 4566
    },
    "2021-01-25": {
    "total": 1478119,
    "new": 2674
    },
    "2021-01-26": {
    "total": 1482722,
    "new": 4603
    },
    "2021-01-27": {
    "total": 1489512,
    "new": 6790
    },
    "2021-01-28": {
    "total": 1496665,
    "new": 7153
    },
    "2021-01-29": {
    "total": 1502810,
    "new": 6145
    },
    "2021-01-30": {
    "total": 1508674,
    "new": 5864
    },
    "2021-01-31": {
    "total": 1513385,
    "new": 4711
    },
    "2021-02-01": {
    "total": 1515889,
    "new": 2504
    },
    "2021-02-02": {
    "total": 1520215,
    "new": 4326
    },
    "2021-02-03": {
    "total": 1527016,
    "new": 6801
    },
    "2021-02-04": {
    "total": 1533511,
    "new": 6495
    },
    "2021-02-05": {
    "total": 1539564,
    "new": 6053
    },
    "2021-02-06": {
    "total": 1545530,
    "new": 5966
    },
    "2021-02-07": {
    "total": 1550255,
    "new": 4725
    },
    "2021-02-08": {
    "total": 1552686,
    "new": 2431
    },
    "2021-02-09": {
    "total": 1556685,
    "new": 3999
    },
    "2021-02-10": {
    "total": 1563645,
    "new": 6960
    },
    "2021-02-11": {
    "total": 1570658,
    "new": 7013
    },
    "2021-02-12": {
    "total": 1577036,
    "new": 6378
    },
    "2021-02-13": {
    "total": 1583621,
    "new": 6585
    },
    "2021-02-14": {
    "total": 1588955,
    "new": 5334
    },
    "2021-02-15": {
    "total": 1591497,
    "new": 2542
    },
    "2021-02-16": {
    "total": 1596673,
    "new": 5176
    },
    "2021-02-17": {
    "total": 1605372,
    "new": 8699
    },
    "2021-02-18": {
    "total": 1614446,
    "new": 9074
    },
    "2021-02-19": {
    "total": 1623218,
    "new": 8772
    },
    "2021-02-20": {
    "total": 1631727,
    "new": 8509
    },
    "2021-02-21": {
    "total": 1638767,
    "new": 7040
    },
    "2021-02-22": {
    "total": 1642658,
    "new": 3891
    },
    "2021-02-23": {
    "total": 1648962,
    "new": 6304
    },
    "2021-02-24": {
    "total": 1661109,
    "new": 12147
    },
    "2021-02-25": {
    "total": 1673252,
    "new": 12143
    },
    "2021-02-26": {
    "total": 1684788,
    "new": 11536
    },
    "2021-02-27": {
    "total": 1696885,
    "new": 12097
    },
    "2021-02-28": {
    "total": 1706986,
    "new": 10101
    },
    "2021-03-01": {
    "total": 1711772,
    "new": 4786
    },
    "2021-03-02": {
    "total": 1719708,
    "new": 7936
    },
    "2021-03-03": {
    "total": 1735406,
    "new": 15698
    },
    "2021-03-04": {
    "total": 1750659,
    "new": 15253
    },
    "2021-03-05": {
    "total": 1766490,
    "new": 15831
    },
    "2021-03-06": {
    "total": 1781345,
    "new": 14855
    },
    "2021-03-07": {
    "total": 1794914,
    "new": 13569
    },
    "2021-03-08": {
    "total": 1801083,
    "new": 6169
    },
    "2021-03-09": {
    "total": 1811036,
    "new": 9953
    },
    "2021-03-10": {
    "total": 1828313,
    "new": 17277
    },
    "2021-03-11": {
    "total": 1849424,
    "new": 21111
    },
    "2021-03-12": {
    "total": 1868297,
    "new": 18873
    },
    "2021-03-13": {
    "total": 1889360,
    "new": 21063
    },
    "2021-03-14": {
    "total": 1906632,
    "new": 17272
    },
    "2021-03-15": {
    "total": 1917527,
    "new": 10895
    },
    "2021-03-16": {
    "total": 1931921,
    "new": 14394
    },
    "2021-03-17": {
    "total": 1956974,
    "new": 25053
    },
    "2021-03-18": {
    "total": 1984248,
    "new": 27274
    },
    "2021-03-19": {
    "total": 2010244,
    "new": 25996
    },
    "2021-03-20": {
    "total": 2036700,
    "new": 26456
    },
    "2021-03-21": {
    "total": 2058550,
    "new": 21850
    },
    "2021-03-22": {
    "total": 2073129,
    "new": 14579
    },
    "2021-03-23": {
    "total": 2089869,
    "new": 16740
    },
    "2021-03-24": {
    "total": 2120671,
    "new": 30802
    },
    "2021-03-25": {
    "total": 2154821,
    "new": 34150
    },
    "2021-03-26": {
    "total": 2189966,
    "new": 35145
    },
    "2021-03-27": {
    "total": 2221725,
    "new": 31759
    },
    "2021-03-28": {
    "total": 2250991,
    "new": 29266
    },
    "2021-03-29": {
    "total": 2267964,
    "new": 16973
    },
    "2021-03-30": {
    "total": 2288826,
    "new": 20862
    },
    "2021-03-31": {
    "total": 2321717,
    "new": 32891
    },
    "2021-04-01": {
    "total": 2356970,
    "new": 35253
    },
    "2021-04-02": {
    "total": 2387511,
    "new": 30541
    },
    "2021-04-03": {
    "total": 2415584,
    "new": 28073
    },
    "2021-04-04": {
    "total": 2438542,
    "new": 22958
    },
    "2021-04-05": {
    "total": 2448463,
    "new": 9921
    },
    "2021-04-06": {
    "total": 2456709,
    "new": 8246
    },
    "2021-04-07": {
    "total": 2471617,
    "new": 14908
    },
    "2021-04-08": {
    "total": 2499507,
    "new": 27890
    },
    "2021-04-09": {
    "total": 2528006,
    "new": 28499
    },
    "2021-04-10": {
    "total": 2552898,
    "new": 24892
    },
    "2021-04-11": {
    "total": 2574631,
    "new": 21733
    },
    "2021-04-12": {
    "total": 2586647,
    "new": 12016
    },
    "2021-04-13": {
    "total": 2599850,
    "new": 13203
    },
    "2021-04-14": {
    "total": 2621116,
    "new": 21266
    },
    "2021-04-15": {
    "total": 2642242,
    "new": 21126
    },
    "2021-04-16": {
    "total": 2660088,
    "new": 17846
    },
    "2021-04-17": {
    "total": 2675874,
    "new": 15786
    },
    "2021-04-18": {
    "total": 2688025,
    "new": 12151
    },
    "2021-04-19": {
    "total": 2695327,
    "new": 7302
    },
    "2021-04-20": {
    "total": 2704571,
    "new": 9244
    },
    "2021-04-21": {
    "total": 2718493,
    "new": 13922
    },
    "2021-04-22": {
    "total": 2731256,
    "new": 12763
    },
    "2021-04-23": {
    "total": 2742122,
    "new": 10866
    },
    "2021-04-24": {
    "total": 2751632,
    "new": 9510
    },
    "2021-04-25": {
    "total": 2758856,
    "new": 7224
    },
    "2021-04-26": {
    "total": 2762323,
    "new": 3467
    },
    "2021-04-27": {
    "total": 2768034,
    "new": 5711
    },
    "2021-04-28": {
    "total": 2776927,
    "new": 8893
    },
    "2021-04-29": {
    "total": 2785353,
    "new": 8426
    },
    "2021-04-30": {
    "total": 2792142,
    "new": 6789
    },
    "2021-05-01": {
    "total": 2798617,
    "new": 6475
    },
    "2021-05-02": {
    "total": 2803233,
    "new": 4616
    },
    "2021-05-03": {
    "total": 2805756,
    "new": 2523
    },
    "2021-05-04": {
    "total": 2808052,
    "new": 2296
    },
    "2021-05-05": {
    "total": 2811951,
    "new": 3899
    },
    "2021-05-06": {
    "total": 2818378,
    "new": 6427
    },
    "2021-05-07": {
    "total": 2824425,
    "new": 6047
    },
    "2021-05-08": {
    "total": 2829196,
    "new": 4771
    },
    "2021-05-09": {
    "total": 2833052,
    "new": 3856
    },
    "2021-05-10": {
    "total": 2835083,
    "new": 2031
    },
    "2021-05-11": {
    "total": 2838180,
    "new": 3097
    },
    "2021-05-12": {
    "total": 2842339,
    "new": 4159
    },
    "2021-05-13": {
    "total": 2845762,
    "new": 3423
    },
    "2021-05-14": {
    "total": 2849014,
    "new": 3252
    },
    "2021-05-15": {
    "total": 2851911,
    "new": 2897
    },
    "2021-05-16": {
    "total": 2854079,
    "new": 2168
    },
    "2021-05-17": {
    "total": 2855190,
    "new": 1111
    },
    "2021-05-18": {
    "total": 2856924,
    "new": 1734
    },
    "2021-05-19": {
    "total": 2859261,
    "new": 2337
    },
    "2021-05-20": {
    "total": 2861351,
    "new": 2090
    },
    "2021-05-21": {
    "total": 2863031,
    "new": 1680
    },
    "2021-05-22": {
    "total": 2864546,
    "new": 1515
    },
    "2021-05-23": {
    "total": 2865622,
    "new": 1076
    },
    "2021-05-24": {
    "total": 2866181,
    "new": 559
    },
    "2021-05-25": {
    "total": 2867187,
    "new": 1006
    },
    "2021-05-26": {
    "total": 2868450,
    "new": 1263
    },
    "2021-05-27": {
    "total": 2869652,
    "new": 1202
    },
    "2021-05-28": {
    "total": 2870595,
    "new": 943
    },
    "2021-05-29": {
    "total": 2871371,
    "new": 776
    },
    "2021-05-30": {
    "total": 2871950,
    "new": 579
    },
    "2021-05-31": {
    "total": 2872283,
    "new": 333
    },
    "2021-06-01": {
    "total": 2872868,
    "new": 585
    },
    "2021-06-02": {
    "total": 2873527,
    "new": 659
    },
    "2021-06-03": {
    "total": 2874092,
    "new": 565
    },
    "2021-06-04": {
    "total": 2874411,
    "new": 319
    },
    "2021-06-05": {
    "total": 2874824,
    "new": 413
    },
    "2021-06-06": {
    "total": 2875136,
    "new": 312
    },
    "2021-06-07": {
    "total": 2875328,
    "new": 192
    },
    "2021-06-08": {
    "total": 2875729,
    "new": 401
    },
    "2021-06-09": {
    "total": 2876289,
    "new": 560
    },
    "2021-06-10": {
    "total": 2876667,
    "new": 378
    },
    "2021-06-11": {
    "total": 2877007,
    "new": 340
    },
    "2021-06-12": {
    "total": 2877243,
    "new": 236
    },
    "2021-06-13": {
    "total": 2877469,
    "new": 226
    },
    "2021-06-14": {
    "total": 2877608,
    "new": 139
    },
    "2021-06-15": {
    "total": 2877819,
    "new": 211
    },
    "2021-06-16": {
    "total": 2878061,
    "new": 242
    },
    "2021-06-17": {
    "total": 2878276,
    "new": 215
    },
    "2021-06-18": {
    "total": 2878466,
    "new": 190
    },
    "2021-06-19": {
    "total": 2878634,
    "new": 168
    },
    "2021-06-20": {
    "total": 2878767,
    "new": 133
    },
    "2021-06-21": {
    "total": 2878840,
    "new": 73
    },
    "2021-06-22": {
    "total": 2879030,
    "new": 190
    },
    "2021-06-23": {
    "total": 2879192,
    "new": 162
    },
    "2021-06-24": {
    "total": 2879336,
    "new": 144
    },
    "2021-06-25": {
    "total": 2879470,
    "new": 134
    },
    "2021-06-26": {
    "total": 2879569,
    "new": 99
    },
    "2021-06-27": {
    "total": 2879638,
    "new": 69
    },
    "2021-06-28": {
    "total": 2879689,
    "new": 51
    },
    "2021-06-29": {
    "total": 2879811,
    "new": 122
    },
    "2021-06-30": {
    "total": 2879912,
    "new": 101
    },
    "2021-07-01": {
    "total": 2880010,
    "new": 98
    },
    "2021-07-02": {
    "total": 2880107,
    "new": 97
    },
    "2021-07-03": {
    "total": 2880215,
    "new": 108
    },
    "2021-07-04": {
    "total": 2880270,
    "new": 55
    },
    "2021-07-05": {
    "total": 2880308,
    "new": 38
    },
    "2021-07-06": {
    "total": 2880403,
    "new": 95
    },
    "2021-07-07": {
    "total": 2880503,
    "new": 100
    },
    "2021-07-08": {
    "total": 2880596,
    "new": 93
    },
    "2021-07-09": {
    "total": 2880670,
    "new": 74
    },
    "2021-07-10": {
    "total": 2880755,
    "new": 85
    },
    "2021-07-11": {
    "total": 2880821,
    "new": 66
    },
    "2021-07-12": {
    "total": 2880865,
    "new": 44
    },
    "2021-07-13": {
    "total": 2880959,
    "new": 94
    },
    "2021-07-14": {
    "total": 2881046,
    "new": 87
    },
    "2021-07-15": {
    "total": 2881151,
    "new": 105
    },
    "2021-07-16": {
    "total": 2881241,
    "new": 90
    },
    "2021-07-17": {
    "total": 2881355,
    "new": 114
    },
    "2021-07-18": {
    "total": 2881424,
    "new": 69
    },
    "2021-07-19": {
    "total": 2881491,
    "new": 67
    },
    "2021-07-20": {
    "total": 2881594,
    "new": 103
    },
    "2021-07-21": {
    "total": 2881718,
    "new": 124
    },
    "2021-07-22": {
    "total": 2881840,
    "new": 122
    },
    "2021-07-23": {
    "total": 2881948,
    "new": 108
    },
    "2021-07-24": {
    "total": 2882066,
    "new": 118
    },
    "2021-07-25": {
    "total": 2882146,
    "new": 80
    },
    "2021-07-26": {
    "total": 2882220,
    "new": 74
    },
    "2021-07-27": {
    "total": 2882327,
    "new": 107
    },
    "2021-07-28": {
    "total": 2882465,
    "new": 138
    },
    "2021-07-29": {
    "total": 2882630,
    "new": 165
    },
    "2021-07-30": {
    "total": 2882786,
    "new": 156
    },
    "2021-07-31": {
    "total": 2882939,
    "new": 153
    },
    "2021-08-01": {
    "total": 2883029,
    "new": 90
    },
    "2021-08-02": {
    "total": 2883120,
    "new": 91
    },
    "2021-08-03": {
    "total": 2883284,
    "new": 164
    },
    "2021-08-04": {
    "total": 2883448,
    "new": 164
    },
    "2021-08-05": {
    "total": 2883624,
    "new": 176
    },
    "2021-08-06": {
    "total": 2883796,
    "new": 172
    },
    "2021-08-07": {
    "total": 2883976,
    "new": 180
    },
    "2021-08-08": {
    "total": 2884098,
    "new": 122
    },
    "2021-08-09": {
    "total": 2884162,
    "new": 64
    },
    "2021-08-10": {
    "total": 2884361,
    "new": 199
    },
    "2021-08-11": {
    "total": 2884557,
    "new": 196
    },
    "2021-08-12": {
    "total": 2884780,
    "new": 223
    },
    "2021-08-13": {
    "total": 2884974,
    "new": 194
    },
    "2021-08-14": {
    "total": 2885185,
    "new": 211
    },
    "2021-08-15": {
    "total": 2885333,
    "new": 148
    },
    "2021-08-16": {
    "total": 2885461,
    "new": 128
    },
    "2021-08-17": {
    "total": 2885676,
    "new": 215
    },
    "2021-08-18": {
    "total": 2885883,
    "new": 207
    },
    "2021-08-19": {
    "total": 2886079,
    "new": 196
    },
    "2021-08-20": {
    "total": 2886291,
    "new": 212
    },
    "2021-08-21": {
    "total": 2886513,
    "new": 222
    },
    "2021-08-22": {
    "total": 2886698,
    "new": 185
    },
    "2021-08-23": {
    "total": 2886805,
    "new": 107
    },
    "2021-08-24": {
    "total": 2887037,
    "new": 232
    },
    "2021-08-25": {
    "total": 2887270,
    "new": 233
    },
    "2021-08-26": {
    "total": 2887485,
    "new": 215
    },
    "2021-08-27": {
    "total": 2887739,
    "new": 254
    },
    "2021-08-28": {
    "total": 2888028,
    "new": 289
    },
    "2021-08-29": {
    "total": 2888231,
    "new": 203
    },
    "2021-08-30": {
    "total": 2888385,
    "new": 154
    },
    "2021-08-31": {
    "total": 2888670,
    "new": 285
    },
    "2021-09-01": {
    "total": 2889036,
    "new": 366
    },
    "2021-09-02": {
    "total": 2889412,
    "new": 376
    },
    "2021-09-03": {
    "total": 2889773,
    "new": 361
    },
    "2021-09-04": {
    "total": 2890161,
    "new": 388
    },
    "2021-09-05": {
    "total": 2890484,
    "new": 323
    },
    "2021-09-06": {
    "total": 2890666,
    "new": 182
    },
    "2021-09-07": {
    "total": 2891071,
    "new": 405
    },
    "2021-09-08": {
    "total": 2891602,
    "new": 531
    },
    "2021-09-09": {
    "total": 2892113,
    "new": 511
    },
    "2021-09-10": {
    "total": 2892642,
    "new": 529
    },
    "2021-09-11": {
    "total": 2893173,
    "new": 531
    },
    "2021-09-12": {
    "total": 2893649,
    "new": 476
    },
    "2021-09-13": {
    "total": 2893919,
    "new": 270
    },
    "2021-09-14": {
    "total": 2894455,
    "new": 536
    },
    "2021-09-15": {
    "total": 2895223,
    "new": 768
    },
    "2021-09-16": {
    "total": 2895947,
    "new": 724
    },
    "2021-09-17": {
    "total": 2896599,
    "new": 652
    },
    "2021-09-18": {
    "total": 2897395,
    "new": 796
    },
    "2021-09-19": {
    "total": 2897935,
    "new": 540
    },
    "2021-09-20": {
    "total": 2898299,
    "new": 364
    },
    "2021-09-21": {
    "total": 2899008,
    "new": 709
    },
    "2021-09-22": {
    "total": 2899888,
    "new": 880
    },
    "2021-09-23": {
    "total": 2900862,
    "new": 974
    },
    "2021-09-24": {
    "total": 2901674,
    "new": 812
    },
    "2021-09-25": {
    "total": 2902591,
    "new": 917
    },
    "2021-09-26": {
    "total": 2903234,
    "new": 643
    },
    "2021-09-27": {
    "total": 2903655,
    "new": 421
    },
    "2021-09-28": {
    "total": 2904631,
    "new": 976
    },
    "2021-09-29": {
    "total": 2905866,
    "new": 1235
    },
    "2021-09-30": {
    "total": 2907071,
    "new": 1205
    },
    "2021-10-01": {
    "total": 2908432,
    "new": 1361
    },
    "2021-10-02": {
    "total": 2909776,
    "new": 1344
    },
    "2021-10-03": {
    "total": 2910866,
    "new": 1090
    },
    "2021-10-04": {
    "total": 2911549,
    "new": 683
    },
    "2021-10-05": {
    "total": 2912876,
    "new": 1327
    },
    "2021-10-06": {
    "total": 2914962,
    "new": 2086
    },
    "2021-10-07": {
    "total": 2916969,
    "new": 2007
    },
    "2021-10-08": {
    "total": 2918863,
    "new": 1894
    },
    "2021-10-09": {
    "total": 2920874,
    "new": 2011
    },
    "2021-10-10": {
    "total": 2922401,
    "new": 1527
    },
    "2021-10-11": {
    "total": 2923304,
    "new": 903
    },
    "2021-10-12": {
    "total": 2925425,
    "new": 2121
    },
    "2021-10-13": {
    "total": 2928065,
    "new": 2640
    },
    "2021-10-14": {
    "total": 2931064,
    "new": 2999
    },
    "2021-10-15": {
    "total": 2933834,
    "new": 2770
    },
    "2021-10-16": {
    "total": 2937069,
    "new": 3235
    },
    "2021-10-17": {
    "total": 2939590,
    "new": 2521
    },
    "2021-10-18": {
    "total": 2941126,
    "new": 1536
    },
    "2021-10-19": {
    "total": 2945056,
    "new": 3930
    },
    "2021-10-20": {
    "total": 2950616,
    "new": 5560
    },
    "2021-10-21": {
    "total": 2956207,
    "new": 5591
    },
    "2021-10-22": {
    "total": 2961923,
    "new": 5716
    },
    "2021-10-23": {
    "total": 2968200,
    "new": 6277
    },
    "2021-10-24": {
    "total": 2972927,
    "new": 4727
    },
    "2021-10-25": {
    "total": 2975880,
    "new": 2953
    },
    "2021-10-26": {
    "total": 2982143,
    "new": 6263
    },
    "2021-10-27": {
    "total": 2990509,
    "new": 8366
    },
    "2021-10-28": {
    "total": 2998891,
    "new": 8382
    },
    "2021-10-29": {
    "total": 3008294,
    "new": 9403
    },
    "2021-10-30": {
    "total": 3018100,
    "new": 9806
    },
    "2021-10-31": {
    "total": 3025247,
    "new": 7147
    },
    "2021-11-01": {
    "total": 3030151,
    "new": 4904
    },
    "2021-11-02": {
    "total": 3034668,
    "new": 4517
    },
    "2021-11-03": {
    "total": 3045102,
    "new": 10434
    },
    "2021-11-04": {
    "total": 3060613,
    "new": 15511
    },
    "2021-11-05": {
    "total": 3076518,
    "new": 15905
    },
    "2021-11-06": {
    "total": 3091713,
    "new": 15195
    },
    "2021-11-07": {
    "total": 3104220,
    "new": 12507
    },
    "2021-11-08": {
    "total": 3111534,
    "new": 7314
    },
    "2021-11-09": {
    "total": 3125179,
    "new": 13645
    },
    "2021-11-10": {
    "total": 3143725,
    "new": 18546
    },
    "2021-11-11": {
    "total": 3162804,
    "new": 19079
    },
    "2021-11-12": {
    "total": 3175769,
    "new": 12965
    },
    "2021-11-13": {
    "total": 3190067,
    "new": 14298
    },
    "2021-11-14": {
    "total": 3204515,
    "new": 14448
    },
    "2021-11-15": {
    "total": 3214023,
    "new": 9508
    },
    "2021-11-16": {
    "total": 3230634,
    "new": 16611
    },
    "2021-11-17": {
    "total": 3254875,
    "new": 24241
    },
    "2021-11-18": {
    "total": 3279787,
    "new": 24912
    },
    "2021-11-19": {
    "total": 3303046,
    "new": 23259
    },
    "2021-11-20": {
    "total": 3326464,
    "new": 23418
    },
    "2021-11-21": {
    "total": 3345388,
    "new": 18924
    },
    "2021-11-22": {
    "total": 3357763,
    "new": 12375
    },
    "2021-11-23": {
    "total": 3377698,
    "new": 19935
    },
    "2021-11-24": {
    "total": 3406129,
    "new": 28431
    },
    "2021-11-25": {
    "total": 3434272,
    "new": 28143
    },
    "2021-11-26": {
    "total": 3461066,
    "new": 26794
    },
    "2021-11-27": {
    "total": 3487254,
    "new": 26188
    },
    "2021-11-28": {
    "total": 3507828,
    "new": 20574
    },
    "2021-11-29": {
    "total": 3520961,
    "new": 13133
    },
    "2021-11-30": {
    "total": 3540061,
    "new": 19100
    },
    "2021-12-01": {
    "total": 3569137,
    "new": 29076
    },
    "2021-12-02": {
    "total": 3596491,
    "new": 27354
    },
    "2021-12-03": {
    "total": 3623452,
    "new": 26961
    },
    "2021-12-04": {
    "total": 3649027,
    "new": 25575
    },
    "2021-12-05": {
    "total": 3671421,
    "new": 22394
    },
    "2021-12-06": {
    "total": 3684671,
    "new": 13250
    },
    "2021-12-07": {
    "total": 3704040,
    "new": 19369
    },
    "2021-12-08": {
    "total": 3732589,
    "new": 28549
    },
    "2021-12-09": {
    "total": 3760048,
    "new": 27459
    },
    "2021-12-10": {
    "total": 3785036,
    "new": 24988
    },
    "2021-12-11": {
    "total": 3808798,
    "new": 23762
    },
    "2021-12-12": {
    "total": 3828248,
    "new": 19450
    },
    "2021-12-13": {
    "total": 3839625,
    "new": 11377
    },
    "2021-12-14": {
    "total": 3857085,
    "new": 17460
    },
    "2021-12-15": {
    "total": 3881349,
    "new": 24264
    },
    "2021-12-16": {
    "total": 3903445,
    "new": 22096
    },
    "2021-12-17": {
    "total": 3923472,
    "new": 20027
    },
    "2021-12-18": {
    "total": 3942864,
    "new": 19392
    },
    "2021-12-19": {
    "total": 3958840,
    "new": 15976
    },
    "2021-12-20": {
    "total": 3968450,
    "new": 9610
    },
    "2021-12-21": {
    "total": 3982257,
    "new": 13807
    },
    "2021-12-22": {
    "total": 4000270,
    "new": 18013
    },
    "2021-12-23": {
    "total": 4017420,
    "new": 17150
    },
    "2021-12-24": {
    "total": 4032796,
    "new": 15376
    },
    "2021-12-25": {
    "total": 4043585,
    "new": 10789
    },
    "2021-12-26": {
    "total": 4049838,
    "new": 6253
    },
    "2021-12-27": {
    "total": 4054865,
    "new": 5027
    },
    "2021-12-28": {
    "total": 4064715,
    "new": 9850
    },
    "2021-12-29": {
    "total": 4080282,
    "new": 15567
    },
    "2021-12-30": {
    "total": 4094608,
    "new": 14326
    },
    "2021-12-31": {
    "total": 4108215,
    "new": 13607
    },
    "2022-01-01": {
    "total": 4120248,
    "new": 12033
    },
    "2022-01-02": {
    "total": 4127428,
    "new": 7180
    },
    "2022-01-03": {
    "total": 4133851,
    "new": 6423
    },
    "2022-01-04": {
    "total": 4145518,
    "new": 11667
    },
    "2022-01-05": {
    "total": 4162715,
    "new": 17197
    },
    "2022-01-06": {
    "total": 4179292,
    "new": 16577
    },
    "2022-01-07": {
    "total": 4191193,
    "new": 11901
    },
    "2022-01-08": {
    "total": 4202090,
    "new": 10897
    },
    "2022-01-09": {
    "total": 4213197,
    "new": 11107
    },
    "2022-01-10": {
    "total": 4220984,
    "new": 7787
    },
    "2022-01-11": {
    "total": 4232386,
    "new": 11402
    },
    "2022-01-12": {
    "total": 4248559,
    "new": 16173
    },
    "2022-01-13": {
    "total": 4265433,
    "new": 16874
    },
    "2022-01-14": {
    "total": 4281482,
    "new": 16049
    },
    "2022-01-15": {
    "total": 4298375,
    "new": 16893
    },
    "2022-01-16": {
    "total": 4313036,
    "new": 14661
    },
    "2022-01-17": {
    "total": 4323482,
    "new": 10446
    },
    "2022-01-18": {
    "total": 4343130,
    "new": 19648
    },
    "2022-01-19": {
    "total": 4373718,
    "new": 30588
    },
    "2022-01-20": {
    "total": 4406553,
    "new": 32835
    },
    "2022-01-21": {
    "total": 4443217,
    "new": 36664
    },
    "2022-01-22": {
    "total": 4484095,
    "new": 40878
    },
    "2022-01-23": {
    "total": 4518218,
    "new": 34123
    },
    "2022-01-24": {
    "total": 4547315,
    "new": 29097
    },
    "2022-01-25": {
    "total": 4584360,
    "new": 37045
    },
    "2022-01-26": {
    "total": 4637776,
    "new": 53416
    },
    "2022-01-27": {
    "total": 4695435,
    "new": 57659
    },
    "2022-01-28": {
    "total": 4752700,
    "new": 57265
    },
    "2022-01-29": {
    "total": 4804390,
    "new": 51690
    },
    "2022-01-30": {
    "total": 4852677,
    "new": 48287
    },
    "2022-01-31": {
    "total": 4886154,
    "new": 33477
    },
    "2022-02-01": {
    "total": 4925270,
    "new": 39116
    },
    "2022-02-02": {
    "total": 4981321,
    "new": 56051
    },
    "2022-02-03": {
    "total": 5035796,
    "new": 54475
    },
    "2022-02-04": {
    "total": 5083332,
    "new": 47536
    },
    "2022-02-05": {
    "total": 5129080,
    "new": 45748
    },
    "2022-02-06": {
    "total": 5163780,
    "new": 34700
    },
    "2022-02-07": {
    "total": 5188184,
    "new": 24404
    },
    "2022-02-08": {
    "total": 5223507,
    "new": 35323
    },
    "2022-02-09": {
    "total": 5270363,
    "new": 46856
    },
    "2022-02-10": {
    "total": 5312450,
    "new": 42087
    },
    "2022-02-11": {
    "total": 5348224,
    "new": 35774
    },
    "2022-02-12": {
    "total": 5379551,
    "new": 31327
    },
    "2022-02-13": {
    "total": 5401615,
    "new": 22064
    },
    "2022-02-14": {
    "total": 5415088,
    "new": 13473
    },
    "2022-02-15": {
    "total": 5437343,
    "new": 22255
    },
    "2022-02-16": {
    "total": 5466198,
    "new": 28855
    },
    "2022-02-17": {
    "total": 5495432,
    "new": 29234
    },
    "2022-02-18": {
    "total": 5519411,
    "new": 23979
    },
    "2022-02-19": {
    "total": 5540302,
    "new": 20891
    },
    "2022-02-20": {
    "total": 5553989,
    "new": 13687
    },
    "2022-02-21": {
    "total": 5563446,
    "new": 9457
    },
    "2022-02-22": {
    "total": 5582217,
    "new": 18771
    },
    "2022-02-23": {
    "total": 5602680,
    "new": 20463
    },
    "2022-02-24": {
    "total": 5620946,
    "new": 18266
    },
    "2022-02-25": {
    "total": 5637646,
    "new": 16700
    },
    "2022-02-26": {
    "total": 5651596,
    "new": 13950
    },
    "2022-02-27": {
    "total": 5660493,
    "new": 8897
    },
    "2022-02-28": {
    "total": 5667054,
    "new": 6561
    },
    "2022-03-01": {
    "total": 5680034,
    "new": 12980
    },
    "2022-03-02": {
    "total": 5694767,
    "new": 14733
    },
    "2022-03-03": {
    "total": 5708827,
    "new": 14060
    },
    "2022-03-04": {
    "total": 5721316,
    "new": 12489
    },
    "2022-03-05": {
    "total": 5734041,
    "new": 12725
    }
    }
    }
    ]